Screen_type1	Strain	Chromosomal_location2	Intragenic_insertion	dictyBase_ID
ls	LAS1	Chr5:4377789	yes	DDB0188999
ls	LAS2	Chr2:7320410	yes	DDB0185042
ls	LAS3	Chr4:5400539	yes	DDB0237670
ls	LAS4	Chr5:3419428	no	DDB0219502
ls	LAS5	Chr5:4834728	yes	DDB0191519 DDB0203824
ls	LAS6	Chr2:6722084	no	DDB0201646
ls	LAS7	Chr5:4138056	yes	DDB0229807
ls	LAS8	Chr2:3417416	yes	DDB0217318
ls	LAS9	Chr5:3135632	yes	DDB0216126
ls	LAS10	Chr5:1677487	yes	DDB0187987
ls	LAS11	Chr1:3891040	no	DDB0201906
ls	LAS12	Chr3:271325	yes	DDB0204418
ls	LAS13	Chr4:3179364	yes	DDB0186477
ls	LAS14	Chr5:221897	yes	DDB0187454
ls	LAS15	Chr6:3299728	no	DDB0192110 DDB0233028
ls	LAS16	Chr1:2142569	yes	DDB0190053
ls	LAS17	Chr3:5589649	no	DDB0232052
ls/ss	LAS18	Chr5:409723	no	DDB0229399
ls/ss	LAS19	Chr5:1550261	yes	DDB0235218
ls	LAS20	Chr3:1602237	yes	DDB0205028
ls	LAS21	Chr2:5944935	yes	DDB0167148
ls	LAS22	Chr4:4336893	no	DDB0186921
ls/ss	LAS23	Chr5:863240	no	DDB0187695 DDB0187696
ls	LAS24	Chr5:3807853	yes	DDB0188783
ls	LAS25	Chr1:3396317	no	DDB0201827 DDB0190498
ss	LAS26	Chr2:7752494	yes	DDB0169123
ss	LAS27	Chr3:3102901	no	DDB0206439
ss	LAS28	Chr2:1257338	no	DDB0231555
ss	LAS29	Chr2:2686539	yes	DDB0232272
ss	LAS30	Chr4:4935711	no	DDB0187134
ss	LAS31	Chr3:6013399	yes	DDB0235158
ss	LAS32	Chr6:1111884	yes	DDB0201649
ss	LAS33	Chr3:1145862	yes	DDB0206180
ss	LAS34	Chr3:27304	yes	DDB0238000
ss	LAS35	Chr3:27543	yes	DDB0238000
ss	LAS36	Chr3:129791	yes	DDB0204357
ss	LAS37	Chr3:653437	yes	DDB0237458
ss	LAS38	Chr1:2064582	no	DDDB0202322 DB0202324
ss	LAS39	Chr6:1274123	yes	DDB0233658
ss	LAS40	Chr6:1274728	yes	DDB0233658
ss	LAS41	Chr4:3794844	yes	DDB0233081
ss	LAS42	Chr1:1236438	yes	DDB0233064
ss	LAS43	Chr2:4594289	yes	DDB0167632
ss	LAS44	Chr1:3100142	yes	DDB0230079
ss	LAS45	Chr1:2657934	yes	DDB0191503
ss	LAS46	Chr1:2660968	yes	DDB0191503
ss	LAS47	Chr4:3947710	no	DDDB0186767 DB0215862
ss	LAS48	Chr3:4606482	no	DDDB0205621 DB0218316
ss	LAS49	Chr2:2503217	no	DDB0203021 DDB0217110
ss	LAS50	Chr2:7420944	no	DDB0217892
ss	LAS51	Chr4:3366273	no	DDB0186560
ss	LAS52	Chr1:3256627	yes	DDB0190443
ss	LAS53	Chr4:2611053	yes	DDB0216431
ss	LAS54	Chr3:3220104	yes	DDB0206498
ss	LAS55	Chr2:2404938	yes	DDB0203000
ss	LAS56	Chr1:765909	yes	DDB0235229
ss	LAS57	Chr1:2278029	no	DDB0190091 DDB0190092
ss	LAS58	Chr4:2735410	no	DDB0186291 DDB0231987
ss	LAS59	Chr3:5011179	no	DDB0204242 DDB0204243
ss	LAS60	Chr4:3861265	no	DDB0186759 DDB0191460
ss	LAS61	Chr5:1852223	no	DDB0188064 DDB0220086
ss	LAS62	Chr1:4205077	no	DDB0190799 DDB0190800
ss	LAS63	Chr1:843308	yes	DDB0216555
ss	LAS64	Chr6:2441306	no	DDB0237584
ss	LAS65	Chr5:47952	yes	DDB0231138
ss	LAS66	Chr5:575325	yes	DDB0187577
ss	LAS67	Chr2:372634	no	DDB0216836 DDB0216837
ss	LAS68	Chr4:2041212	yes	DDB0216246
ss	LAS69	Chr6:2701875	yes	DDB0229452
ss	LAS70	Chr3:1977201	yes	DDB0220010
ss	LAS71	Chr4:5088972	yes	DDB0231652
ss	LAS72	Chr4:921719	no	DDB0185605 DDB0185606
ss	LAS73	Chr1:1730459	yes	DDB0232946
ss	LAS74	Chr2:7918932	no	DDB0169196 DDB0191310
ss	LAS75	Chr3:1857182	yes	DDB0205685
ss	LAS76	Chr5:266269	yes	DDB0232091
ss	LAS77	Chr1:4299548	yes	DDB0229438
ss	LAS78	Chr1:868160	yes	DDB0202150
ss	LAS79	Chr5:1203723	yes	DDB0233527
ss	LAS80	Chr1:2573076	yes	DDB0201692
ss	LAS81	Chr5:885274	no	DDB0187706 DDB0232977
ss	LAS82	Chr2:2525542	yes	DDB0217113
ss	LAS83	Chr1:4590272	yes	DDB0190943
ss	LAS84	Chr2:2607569	no	DDB0203038 DDB0168076
ss	LAS85	Chr6:1900500	yes	DDB0215382
ss	LAS86	Chr4:3111303	yes	DDB0231560
ss	LAS87	Chr2:1391893	yes	DDB0233085
ss	LAS88	Chr2:752817	yes	DDB0203613
ss	LAS89	Chr5:1313956	no	DDB0231250 DDB0231191
ss	LAS90	Chr1:2882858	no	DDB0233848 DDB0190305
ss	LAS91	Chr4:2944088	yes	DDB0216237
ss	LAS92	Chr4:558124	yes	DDB0215668
ss	LAS93	Chr4:4257145	yes	DDB0231462
ss	LAS94	Chr5:4655648	yes	DDB0234163
ss	LAS95	Chr3:2854431	yes	DDB0218216
ss	LAS96	Chr2:6095725	no	DDB0232373
ss	LAS97	Chr2:1607846	yes	DDB0217012
ss	LAS98	Chr4:5412805	no	DDB0231318 DDB0237550
ss	LAS99	Chr1:2702675	yes	DDB0191265
ss	LAS100	Chr4:3357738	yes	DDB0186554
ss	LAS101	Chr3:3792125	no	DDB0220475
ss	LAS102	Chr4:3658505	no	DDB0218746
ss	LAS103	Chr3:2915843	yes	DDB0206368
ss	LAS104	Chr2:5281918	yes	DDB0233623
ss	LAS105	Chr6:2757684	yes	DDB0233318
ss	LAS106	Chr4:809161	yes	DDB0238066
ss	LAS107	Chr3:4964038	yes	DDB0218331
ss	LAS108	Chr1:272272	no	DDB0189344 DDB0189345
ss	LAS109	Chr1:1664518	no	DDB0216591 DDB0191108
ss	LAS110	Chr1:2203713	yes	DDB0191297
ss	LAS111	Chr1:2687854	yes	DDB0201713
ss	LAS112	Chr1:2753984	yes	DDB0190258
ss	LAS113	Chr1:2799776	yes	DDB0190274
ss	LAS114	Chr1:2850282	yes	DDB0216657
ss	LAS115	Chr1:3304958	yes	DDB0190464
ss	LAS116	Chr1:3782491	yes	DDB0229404
ss	LAS117	Chr1:4138302	no	DDB0216738 DDB0216739
ss	LAS118	Chr1:4654814	yes	DDB0231733
ss	LAS119	Chr2:37456	no	DDB0202890 DDB0216783
ss	LAS120	Chr2:1330056	yes	DDB0216970
ss	LAS121	Chr2:1401224	no	DDB0168699
ss	LAS122	Chr2:1652915	yes	DDB0216269
ss	LAS123	Chr2:2527260	yes	DDB0220009
ls	LAS124	Chr2:2585922	no	DDB0232109 DDB0217118
ls	LAS125	Chr2:3114488	yes	DDB0217202
ss	LAS126	Chr2:3397076	no	DDB0217309 DDB0217310
ss	LAS127	Chr2:3479103	yes	DDB0217343
ss	LAS128	Chr2:3599707	yes	DDB0217395
ss	LAS129	Chr2:4089955	no	DDB0217505
ss	LAS130	Chr2:4116057	no	DDB0167806
ss	LAS131	Chr2:5279088	yes	DDB0203080
ss	LAS132	Chr2:5444636	no	
ss	LAS133	Chr2:6039557	yes	DDB0230142
ss	LAS134	Chr2:6661097	yes	DDB0237664
ss	LAS135	Chr2:7223778	no	DDB0168336
ss	LAS136	Chr2:7649032	yes	DDB0169080
ss	LAS137	Chr2:7825525	yes	DDB0217955
ss	LAS138	Chr3:1346456	yes	DDB0206266
ss	LAS139	Chr3:1404194	yes	DDB0206285
ss	LAS140	Chr3:2940822	no	DDB0229903 DDB0206380
ss	LAS141	Chr3:3618404	yes	DDB0206110
ss	LAS142	Chr3:3994291	yes	DDB0203981
ss	LAS143	Chr3:4355762	no	DDB0214947 DDB0214825
ls	LAS144	Chr3:4545060	no	DDB0205602
ss	LAS145	Chr3:5438029	yes	DDB0218362
ls	LAS146	Chr4:246455	no	DDB0218443
ss	LAS147	Chr4:654748	yes	DDB0185495
ss	LAS148	Chr4:722754	no	DDB0185917
ss	LAS149	Chr4:1733790	no	DDB0231639
ss	LAS150	Chr4:2565444	no	DDB0186228
ss	LAS151	Chr4:4459770	no	DDB0186964
ss	LAS152	Chr5:1719252	no	DDB0188004 DDB0188005
ss	LAS153	Chr5:1780460	yes	DDB0237710
ss	LAS154	Chr5:2768776	no	DDB0188409 DDB0216098
ss	LAS155	Chr6:834570	no	DDB0233123 DDB0237531
ss	LAS156	Chr6:1486295	no	DDB0219735 DDB0231218
ss	LAS157	Chr6:1513002	yes	DDB0184342
ss	LAS158	Chr6:1752706	yes	DDB0219758
ss	LAS159	Chr6:2085041	yes	DDB0219770
ss	LAS160	Chr6:2274690	no	DDB0191697
ss	LAS161	Chr6:2598653	no	
ss	LAS162	Chr6:2624323	no	DDB0220119
ss	LAS163	Chr6:2771881	yes	DDB0219847
ss	LAS164	Chr6:3122424	no	DDB0219883
ss	LAS165	Chr6:3141029	yes	DDB0192045
ss	LAS166	Chr6:3177545	no	DDB0192057
ss	LAS167	Chr6:3313275	no	DDB0192115 DDB0219898
